[{"model": "admin.logentry", "pk": 37, "fields": {"action_time": "2022-07-05T20:21:13.491Z", "user": 2, "content_type": 4, "object_id": "1", "object_repr": "admin", "action_flag": 3, "change_message": ""}}, {"model": "admin.logentry", "pk": 38, "fields": {"action_time": "2022-07-05T20:21:55.293Z", "user": 2, "content_type": 8, "object_id": "2", "object_repr": "csfree@icloud.com", "action_flag": 1, "change_message": "[{\"added\": {}}]"}}, {"model": "admin.logentry", "pk": 39, "fields": {"action_time": "2022-07-05T22:58:02.848Z", "user": 2, "content_type": 8, "object_id": "3", "object_repr": "test@email.com", "action_flag": 2, "change_message": "[{\"changed\": {\"fields\": [\"Verified\"]}}]"}}, {"model": "auth.user", "pk": 2, "fields": {"password": "pbkdf2_sha256$260000$4GzOfpiFawi60074obb0Rd$UodNfq8ZW7pkeJvFvcX2azs64X9uxWAxrR4vG04jEG0=", "last_login": "2022-07-05T22:57:31.750Z", "is_superuser": true, "username": "Admin", "first_name": "", "last_name": "", "email": "csfree@icloud.com", "is_staff": true, "is_active": true, "date_joined": "2022-07-05T20:20:17.117Z", "groups": [], "user_permissions": []}}, {"model": "auth.user", "pk": 3, "fields": {"password": "pbkdf2_sha256$260000$n9PCBtPwkntJ97oAa6pimI$wIe9h4LHdd6UGuLCCI88D1Y4kKjytzyaVdmL04GBFxg=", "last_login": "2022-07-05T22:58:22.435Z", "is_superuser": false, "username": "Christopher", "first_name": "", "last_name": "", "email": "test@email.com", "is_staff": false, "is_active": true, "date_joined": "2022-07-05T22:57:00.805Z", "groups": [], "user_permissions": []}}, {"model": "sessions.session", "pk": "3rp00g34k57g9hmu42ou17av2lhtkvx4", "fields": {"session_data": ".eJxVjMsOgjAQRf9l1qRpldLH0r3f0HTKFKqmNRQSDeHflYSFbu8596zg_DKPbqk0udSDBQHN74Y-3CnvoL_5PBQWSp6nhGxX2EEru5aeHpfD_QuMvo7ft1LSoCSMWhsSGEmfuW6V8CKcEIMnQmVih9Kcg1ZERmHXGsMjFwFbYfZopVpTyY5ezzS9wfIG0A9gV-jAygYUWLFtH9GERFo:1o81UM:cU1BSY9_fGQq_w72FCr_ddHXzqBJpEa_ONxZgJNUQ_Q", "expire_date": "2022-07-17T15:26:22.629Z"}}, {"model": "sessions.session", "pk": "4slsoewbz0g54vg4xxls8xk3piursmwi", "fields": {"session_data": ".eJxVjMEOwiAQBf-FsyGFUqA9evcbyMKyFjVgoE00xn_XJj3o9c28eTEH6zK7tcXqErKJ9ezwu3kI15g3gBfI58JDyUtNnm8K32njp4Lxdtzdv8AMbf6-SZO1pEUcjaQAISD1I5CRKnoFI1kvENUgyaIQ2qLxoAevlZKaSJhui7bYWirZxcc91SebuvcHzVQ_7A:1o8rUs:nKGCB3CWv4CLAFxKrEJGPfdBjB4Jr4GDlIXY5b9q_EQ", "expire_date": "2022-07-19T22:58:22.492Z"}}, {"model": "sessions.session", "pk": "jtr1wwjudgizim67qce6pehtpbt2aroj", "fields": {"session_data": ".eJxVjMsOwiAQRf9l1g2Bvngs3fsNhKFDixowpU00Tf9dm3Sh23vOPRtYty6TXQvNNg5gQED1u6Hzd0oHGG4ujZn5nJY5IjsUdtLCrnmgx-V0_wKTK9P3LWWnsSMMSmkSGEg1XLVSOOFrRO-IUOrQY6cbrySRlti3WvPAhcdW6CNaqJSYk6XXM85vMLwCdCOYDUQNptn3D4CkQ3M:1o8MTd:z2ihHggo6IkYKTkx0qkR5RvUQ4eohyiJYuKlB8_NKFs", "expire_date": "2022-07-18T13:51:01.269Z"}}, {"model": "sites.site", "pk": 1, "fields": {"domain": "LaTerre.example.com", "name": "La Terre"}}, {"model": "account.emailaddress", "pk": 2, "fields": {"user": 2, "email": "csfree@icloud.com", "verified": true, "primary": true}}, {"model": "account.emailaddress", "pk": 3, "fields": {"user": 3, "email": "test@email.com", "verified": true, "primary": true}}, {"model": "products.category", "pk": 1, "fields": {"name": "Fragrances", "friendly_name": "Fragrances"}}, {"model": "products.category", "pk": 2, "fields": {"name": "Lotions", "friendly_name": "Lotions"}}, {"model": "products.category", "pk": 3, "fields": {"name": "Candles", "friendly_name": "Candles"}}, {"model": "products.category", "pk": 4, "fields": {"name": "Soaps", "friendly_name": "Soaps"}}, {"model": "products.product", "pk": 6, "fields": {"category": 1, "sku": "1", "name": "Vanilla Sky", "description": "A soft comforting scent with a hint of vanilla", "price": "40.00", "image": "Screen_Shot_2022-06-11_at_3.23.19_PM.png"}}, {"model": "products.product", "pk": 7, "fields": {"category": 1, "sku": "2", "name": "Lavender Dreams", "description": "Like standing in a field of lavender, this subtle note is sure to make you daydream", "price": "35.00", "image": "Screen_Shot_2022-06-11_at_3.08.03_PM.png"}}, {"model": "products.product", "pk": 8, "fields": {"category": 1, "sku": "3", "name": "Pining", "description": "A woody scent of pine and forest after a summer rain", "price": "30.00", "image": "Screen_Shot_2022-06-11_at_3.05.05_PM.png"}}, {"model": "products.product", "pk": 9, "fields": {"category": 1, "sku": "4", "name": "Ember Nights", "description": "For those who enjoy classic sweet smell of incense in a more subtle fashion", "price": "50.00", "image": "Screen_Shot_2022-06-11_at_3.06.01_PM.png"}}, {"model": "products.product", "pk": 10, "fields": {"category": 1, "sku": "5", "name": "Mandarin Morning", "description": "A fresh citrusy fragrance with a base of mandarin oranges and a hint of eucalyptus", "price": "35.00", "image": "Screen_Shot_2022-06-11_at_3.09.43_PM.png"}}, {"model": "products.product", "pk": 11, "fields": {"category": 1, "sku": "6", "name": "Cinnamon Crush", "description": "Spicy cinnamon notes for winter evenings", "price": "42.00", "image": "Screen_Shot_2022-06-11_at_3.49.01_PM.png"}}, {"model": "products.product", "pk": 12, "fields": {"category": 1, "sku": "7", "name": "Teen Spirit", "description": "A musky fragrances that'll make you irresistible", "price": "45.00", "image": "Screen_Shot_2022-06-11_at_3.57.06_PM.png"}}, {"model": "products.product", "pk": 13, "fields": {"category": 2, "sku": "8", "name": "Vanilla Silk", "description": "A silky smooth feeling with a hint of vanilla", "price": "20.00", "image": "Screen_Shot_2022-06-11_at_4.11.43_PM.png"}}, {"model": "products.product", "pk": 14, "fields": {"category": 2, "sku": "9", "name": "Man Hands", "description": "Musky lotion for a masculine scent", "price": "20.00", "image": "pexels-karolina-grabowska-4465124.jpg"}}, {"model": "products.product", "pk": 15, "fields": {"category": 2, "sku": "10", "name": "Smooth Lavender", "description": "Ultra moisturising for the softest of hands with a floral scent of lavender", "price": "20.00", "image": "pexels-anna-shvets-52179261.jpg"}}, {"model": "products.product", "pk": 16, "fields": {"category": 2, "sku": "11", "name": "Coconut Cream", "description": "Tropical notes to go with soft hands", "price": "20.00", "image": "pexels-yan-krukov-7020268.jpg"}}, {"model": "products.product", "pk": 17, "fields": {"category": 3, "sku": "12", "name": "Incensation", "description": "For those who love classic incense to relax their home", "price": "30.00", "image": "Screen_Shot_2022-06-11_at_3.34.46_PM.png"}}, {"model": "products.product", "pk": 18, "fields": {"category": 3, "sku": "13", "name": "Five Spice", "description": "Make your home smell delicious", "price": "32.00", "image": "Screen_Shot_2022-06-11_at_3.49.25_PM.png"}}, {"model": "products.product", "pk": 19, "fields": {"category": 3, "sku": "14", "name": "Vanilla Cookie", "description": "Nothing beats the smell of freshly baked cookies", "price": "28.00", "image": "Screen_Shot_2022-06-11_at_4.30.55_PM.png"}}, {"model": "products.product", "pk": 20, "fields": {"category": 3, "sku": "15", "name": "Paradise", "description": "Your home will smell like a tropical vacation, hints of coconut", "price": "34.00", "image": "Screen_Shot_2022-06-11_at_4.08.11_PM.png"}}, {"model": "products.product", "pk": 21, "fields": {"category": 4, "sku": "16", "name": "Minty Fresh", "description": "Strong mint will leave your body feeling fresh", "price": "15.00", "image": "Screen_Shot_2022-06-11_at_4.19.31_PM.png"}}, {"model": "products.product", "pk": 22, "fields": {"category": 4, "sku": "17", "name": "Warehouse", "description": "A rugged soap,  notes of sawdust and concrete", "price": "12.00", "image": "Screen_Shot_2022-06-11_at_4.33.14_PM.png"}}, {"model": "products.product", "pk": 23, "fields": {"category": 4, "sku": "18", "name": "Honey Comb", "description": "The perfect soap that smells of honey", "price": "15.00", "image": "Screen_Shot_2022-06-11_at_3.56.00_PM.png"}}, {"model": "products.product", "pk": 24, "fields": {"category": 4, "sku": "19", "name": "Cocoa Crazy", "description": "Lovely soap with subtle hints of cocoa", "price": "18.00", "image": "Screen_Shot_2022-06-11_at_3.50.11_PM.png"}}, {"model": "products.product", "pk": 25, "fields": {"category": 1, "sku": "20", "name": "Beach House", "description": "Fun, flirty, flamboyant and ferocious.", "price": "35.00", "image": "Screen_Shot_2022-06-11_at_4.39.44_PM.png"}}, {"model": "products.product", "pk": 26, "fields": {"category": 3, "sku": "21", "name": "Marais", "description": "An opulent candle that smells strongly of Macarons", "price": "25.00", "image": "Screen_Shot_2022-06-11_at_4.48.09_PM.png"}}, {"model": "checkout.order", "pk": 1, "fields": {"order_number": "7C42E1E9B94042E78A11B75C611EB93A", "user_profile": null, "full_name": "Christopher Test", "email": "csfree@icloud.com", "phone_number": "0700000000", "country": "sweden", "postcode": null, "town_or_city": "Stockholm", "street_address1": "anywhere", "street_address2": null, "county": null, "date": "2022-07-04T13:37:03.928Z", "delivery_cost": "0.00", "order_total": "30.00", "grand_total": "30.00", "original_bag": "", "stripe_pid": ""}}, {"model": "checkout.order", "pk": 2, "fields": {"order_number": "E97FF38F4C384FB787E9253AD37E8D34", "user_profile": null, "full_name": "Christopher Test", "email": "csfree@icloud.com", "phone_number": "0700000000", "country": "sweden", "postcode": "11345", "town_or_city": "Stockholm", "street_address1": "anywhere", "street_address2": null, "county": null, "date": "2022-07-04T20:00:43.570Z", "delivery_cost": "0.00", "order_total": "20.00", "grand_total": "20.00", "original_bag": "", "stripe_pid": ""}}, {"model": "checkout.order", "pk": 3, "fields": {"order_number": "1B044AACB057408688CCB0EB5F946B8F", "user_profile": null, "full_name": "test", "email": "test@email.com", "phone_number": "0700000000", "country": "sweden", "postcode": null, "town_or_city": "Stockholm", "street_address1": "anywhere", "street_address2": null, "county": null, "date": "2022-07-04T20:16:18.189Z", "delivery_cost": "20.00", "order_total": "90.00", "grand_total": "110.00", "original_bag": "", "stripe_pid": ""}}, {"model": "checkout.order", "pk": 4, "fields": {"order_number": "83FB0457A3FB493186291E0148284871", "user_profile": null, "full_name": "Christopher Test", "email": "topher87@email.com", "phone_number": "0700000000", "country": "sweden", "postcode": null, "town_or_city": "Stockholm", "street_address1": "anywhere", "street_address2": null, "county": null, "date": "2022-07-05T16:17:28.457Z", "delivery_cost": "20.00", "order_total": "20.00", "grand_total": "40.00", "original_bag": "", "stripe_pid": ""}}, {"model": "checkout.order", "pk": 5, "fields": {"order_number": "701E0B778375441095B774DAE1114DE7", "user_profile": null, "full_name": "test", "email": "test@email.com", "phone_number": "0700000000", "country": "sweden", "postcode": "11345", "town_or_city": "Stockholm", "street_address1": "anywhere", "street_address2": null, "county": null, "date": "2022-07-05T16:27:03.317Z", "delivery_cost": "20.00", "order_total": "12.00", "grand_total": "32.00", "original_bag": "", "stripe_pid": ""}}, {"model": "checkout.order", "pk": 6, "fields": {"order_number": "432E4C095EFF49BCA19F42481A4570D3", "user_profile": null, "full_name": "Christopher Test", "email": "csfree@icloud.com", "phone_number": "0700000000", "country": "SE", "postcode": null, "town_or_city": "Stockholm", "street_address1": "anywhere", "street_address2": null, "county": null, "date": "2022-07-05T17:59:02.595Z", "delivery_cost": "20.00", "order_total": "35.00", "grand_total": "55.00", "original_bag": "", "stripe_pid": ""}}, {"model": "checkout.order", "pk": 7, "fields": {"order_number": "A3DDF3414DD6467E8732AD23D1045975", "user_profile": null, "full_name": "test", "email": "csfree@icloud.com", "phone_number": "0700000000", "country": "SE", "postcode": null, "town_or_city": "Stockholm", "street_address1": "anywhere", "street_address2": null, "county": null, "date": "2022-07-05T18:24:45.265Z", "delivery_cost": "20.00", "order_total": "80.00", "grand_total": "100.00", "original_bag": "{\"6\": 2}", "stripe_pid": "pi_3LIGPcFFJdnERMs40P5brDzY"}}, {"model": "checkout.order", "pk": 8, "fields": {"order_number": "27FD625F67A7499B9D9EF207EFE9EED9", "user_profile": null, "full_name": "test", "email": "test@email.com", "phone_number": "test", "country": "SE", "postcode": "11345", "town_or_city": "Stockholm", "street_address1": "anywhere", "street_address2": null, "county": null, "date": "2022-07-05T18:33:18.085Z", "delivery_cost": "20.00", "order_total": "15.00", "grand_total": "35.00", "original_bag": "{\"23\": 1}", "stripe_pid": "pi_3LIGY5FFJdnERMs40Ex7nUVW"}}, {"model": "checkout.order", "pk": 9, "fields": {"order_number": "16B57CE4870D40509DA7E3533319F4DB", "user_profile": null, "full_name": "test", "email": "csfree@icloud.com", "phone_number": "0700000000", "country": "SE", "postcode": "11345", "town_or_city": "Stockholm", "street_address1": "anywhere", "street_address2": null, "county": null, "date": "2022-07-05T18:38:17.608Z", "delivery_cost": "20.00", "order_total": "50.00", "grand_total": "70.00", "original_bag": "{\"9\": 1}", "stripe_pid": "pi_3LIGd5FFJdnERMs40p3CBtsw"}}, {"model": "checkout.order", "pk": 10, "fields": {"order_number": "206EF7950C7643198ADAFF23E1FEAE43", "user_profile": null, "full_name": "test", "email": "test@email.com", "phone_number": "0700000000", "country": "SE", "postcode": "11345", "town_or_city": "Stockholm", "street_address1": "anywhere", "street_address2": null, "county": null, "date": "2022-07-05T18:46:46.562Z", "delivery_cost": "20.00", "order_total": "30.00", "grand_total": "50.00", "original_bag": "{\"8\": 1}", "stripe_pid": "pi_3LIGlKFFJdnERMs41JsagrSu"}}, {"model": "checkout.order", "pk": 11, "fields": {"order_number": "063DB13043504BC09FD89919A99A3F62", "user_profile": null, "full_name": "Christopher Test", "email": "csfree@icloud.com", "phone_number": "0700000000", "country": "SE", "postcode": "11345", "town_or_city": "Stockholm", "street_address1": "anywhere", "street_address2": null, "county": null, "date": "2022-07-05T18:53:48.226Z", "delivery_cost": "20.00", "order_total": "90.00", "grand_total": "110.00", "original_bag": "{\"12\": 2}", "stripe_pid": "pi_3LIGs5FFJdnERMs41l2bQLwI"}}, {"model": "checkout.order", "pk": 12, "fields": {"order_number": "391E492A9E894055A32FDE4D8A27BEB9", "user_profile": null, "full_name": "test", "email": "csfree@icloud.com", "phone_number": "0700000000", "country": "SE", "postcode": null, "town_or_city": "Stockholm", "street_address1": "anywhere", "street_address2": null, "county": null, "date": "2022-07-05T19:01:52.846Z", "delivery_cost": "20.00", "order_total": "30.00", "grand_total": "50.00", "original_bag": "{\"8\": 1}", "stripe_pid": "pi_3LIGzzFFJdnERMs41Va0G6VX"}}, {"model": "checkout.order", "pk": 13, "fields": {"order_number": "153A45F7FFCF4B32AADA85824D0C24C7", "user_profile": 1, "full_name": "Christopher Test", "email": "csfree@icloud.com", "phone_number": "0700000000", "country": "SE", "postcode": "11345", "town_or_city": "Stockholm", "street_address1": "anywhere", "street_address2": null, "county": null, "date": "2022-07-05T21:03:11.430Z", "delivery_cost": "20.00", "order_total": "20.00", "grand_total": "40.00", "original_bag": "{\"13\": 1}", "stripe_pid": "pi_3LIItLFFJdnERMs41ATIFZGi"}}, {"model": "checkout.order", "pk": 14, "fields": {"order_number": "06CA84D08819444F8723F5F4044CE2FD", "user_profile": 1, "full_name": "Christopher Test", "email": "csfree@icloud.com", "phone_number": "0700000000", "country": "SE", "postcode": "11345", "town_or_city": "Stockholm", "street_address1": "anywhere", "street_address2": null, "county": null, "date": "2022-07-05T21:15:47.614Z", "delivery_cost": "20.00", "order_total": "35.00", "grand_total": "55.00", "original_bag": "{\"7\": 1}", "stripe_pid": "pi_3LIJ5fFFJdnERMs40FAMNk9P"}}, {"model": "checkout.order", "pk": 15, "fields": {"order_number": "0B4C2846FEC54E9287BEE0F8F91D4AF8", "user_profile": 1, "full_name": "testing confirmation email", "email": "csfree@icloud.com", "phone_number": "0700000000", "country": "SE", "postcode": "11345", "town_or_city": "Stockholm", "street_address1": "anywhere", "street_address2": null, "county": null, "date": "2022-07-05T21:25:47.858Z", "delivery_cost": "20.00", "order_total": "35.00", "grand_total": "55.00", "original_bag": "{\"7\": 1}", "stripe_pid": "pi_3LIJFIFFJdnERMs418G1GMUg"}}, {"model": "checkout.order", "pk": 16, "fields": {"order_number": "4343FA7569F34F1FBFD6D03E40432851", "user_profile": 1, "full_name": "testing confirmation email", "email": "csfree@icloud.com", "phone_number": "0700000000", "country": "SE", "postcode": "11345", "town_or_city": "Stockholm", "street_address1": "anywhere", "street_address2": null, "county": null, "date": "2022-07-05T21:28:28.320Z", "delivery_cost": "20.00", "order_total": "40.00", "grand_total": "60.00", "original_bag": "{\"6\": 1}", "stripe_pid": "pi_3LIJHyFFJdnERMs41cx8US6M"}}, {"model": "checkout.orderlineitem", "pk": 1, "fields": {"order": 1, "product": 8, "quantity": 1, "lineitem_total": "30.00"}}, {"model": "checkout.orderlineitem", "pk": 2, "fields": {"order": 2, "product": 13, "quantity": 1, "lineitem_total": "20.00"}}, {"model": "checkout.orderlineitem", "pk": 3, "fields": {"order": 3, "product": 7, "quantity": 2, "lineitem_total": "70.00"}}, {"model": "checkout.orderlineitem", "pk": 4, "fields": {"order": 3, "product": 16, "quantity": 1, "lineitem_total": "20.00"}}, {"model": "checkout.orderlineitem", "pk": 5, "fields": {"order": 4, "product": 13, "quantity": 1, "lineitem_total": "20.00"}}, {"model": "checkout.orderlineitem", "pk": 6, "fields": {"order": 5, "product": 22, "quantity": 1, "lineitem_total": "12.00"}}, {"model": "checkout.orderlineitem", "pk": 7, "fields": {"order": 6, "product": 7, "quantity": 1, "lineitem_total": "35.00"}}, {"model": "checkout.orderlineitem", "pk": 8, "fields": {"order": 7, "product": 6, "quantity": 2, "lineitem_total": "80.00"}}, {"model": "checkout.orderlineitem", "pk": 9, "fields": {"order": 8, "product": 23, "quantity": 1, "lineitem_total": "15.00"}}, {"model": "checkout.orderlineitem", "pk": 10, "fields": {"order": 9, "product": 9, "quantity": 1, "lineitem_total": "50.00"}}, {"model": "checkout.orderlineitem", "pk": 11, "fields": {"order": 10, "product": 8, "quantity": 1, "lineitem_total": "30.00"}}, {"model": "checkout.orderlineitem", "pk": 12, "fields": {"order": 11, "product": 12, "quantity": 2, "lineitem_total": "90.00"}}, {"model": "checkout.orderlineitem", "pk": 13, "fields": {"order": 12, "product": 8, "quantity": 1, "lineitem_total": "30.00"}}, {"model": "checkout.orderlineitem", "pk": 14, "fields": {"order": 13, "product": 13, "quantity": 1, "lineitem_total": "20.00"}}, {"model": "checkout.orderlineitem", "pk": 15, "fields": {"order": 14, "product": 7, "quantity": 1, "lineitem_total": "35.00"}}, {"model": "checkout.orderlineitem", "pk": 16, "fields": {"order": 15, "product": 7, "quantity": 1, "lineitem_total": "35.00"}}, {"model": "checkout.orderlineitem", "pk": 17, "fields": {"order": 16, "product": 6, "quantity": 1, "lineitem_total": "40.00"}}, {"model": "profiles.userprofile", "pk": 1, "fields": {"user": 2, "default_phone_number": "0700000000", "default_street_address1": "anywhere", "default_street_address2": null, "default_town_or_city": "Stockholm", "default_county": null, "default_postcode": "11345", "default_country": "SE"}}, {"model": "profiles.userprofile", "pk": 2, "fields": {"user": 3, "default_phone_number": null, "default_street_address1": null, "default_street_address2": null, "default_town_or_city": null, "default_county": null, "default_postcode": null, "default_country": null}}]